{
  "name": "__",
  "version": "__",
  "description": "> TODO: description",
  "author": "Pattern Warriors",
  "homepage": "__",
  "license": "Copyright 2019 AXA Versicherungen AG",
  "main": "lib/index.js",
  "directories": {
    "lib": "lib"
  },
  "files": [
    "lib",
    "dist"
  ],
  "publishConfig": {
    "access": "public"
  },
  "repository": {
    "type": "git",
    "url": "git+https://github.com/axa-ch/patterns-library.git"
  },
  "bugs": {
    "url": "https://github.com/axa-ch/patterns-library/issues"
  },
  "dependencies": {
    "@skatejs/val": "^0.4.0",
    "lit-element": "^2.1.0",
    "lit-html": "^1.0.0"
  }
}
